id;first_name;middle_name;last_name;email;phone;address;city;state;postal_code;country;social_media_profiles;notes
1;José María;between daily reluctantly;Venegas Chávez;"W6$@&:0,1.aN";"6885";yowza vicinity;Alcobendas;switchboard gazebo furthermore;"33979";Lituania;whether wearily;../fake-data/blob/hipster.txt
2;Marta;shrilly cinder;Zúñiga Hinojosa;"SP@Gz&q.Ng)w";"288493802";overcharge;Tarragona;cease however pish;"62844";Estados Unidos de América;pfft jovially;../fake-data/blob/hipster.txt
3;Carlos;pick bah jumbo;Avilés Orozco;"k@Ssz.vY";"+50244359785";settler;Elda;courteous;"65671-6087";Argentina;barring inasmuch costume;../fake-data/blob/hipster.txt
4;Mónica;if shrilly;Medina Romo;"C<x:@M$.Z6W";"+83";while scorpion glorious;Móstoles;aware nor;"10845";Comodos;as on muddy;../fake-data/blob/hipster.txt
5;Benito;beside;Ruelas Saldaña;"Q6<@o&|6S.0";"72093395183";past;Zaragoza;wonderful dissemble;"29647-0839";Canada;management outsource reservation;../fake-data/blob/hipster.txt
6;Juan Ramón;hawk before;Murillo Gamboa;"`H48@y&<jh.Z";"7688063713";chubby formation;Cartagena;duh which questionably;"27317-4236";Maldivas;search hover;../fake-data/blob/hipster.txt
7;Carlota;searchingly scruple;Garica Serna;"1@#e(a1.Bk~XO3";"+409030080";worse loosely but;Paterna;custom across;"67856-0203";Gambia;kissingly;../fake-data/blob/hipster.txt
8;Pablo;incidentally;Banda Posada;"Gg_D<>@;.+Q=";"+20172";abaft kookily;Ponferrada;aw too;"60304-4678";Brasil;equatorial;../fake-data/blob/hipster.txt
9;Leticia;yum purse euphonium;Escalante Terán;"u@o.F%x.<";"16";toward;Mérida;grade consequently;"99086-5772";Congo;stiff politely how;../fake-data/blob/hipster.txt
10;Ángel;airbrush;Uribe Anaya;".U6B@y.kdG5`u";"+871766862071629";parallel abaft;Dos Hermanas;rosemary yahoo;"67170";Marruecos;louse;../fake-data/blob/hipster.txt
